words,count
advice,16
agency,5
agent,2
analytics,143
asset,5
authentication,4
automation,60
business,1080
cash,32
chief,5
collaborative,17
connectivity,2
contract,5
corporate,53
credit,177
currency,1
cyber,14
data,604
development,311
digital,97
director,8
electronic,16
equity,36
executive,47
expertise,61
finance,26
financial,1104
framework,39
fraud,117
funding,2
global,57
identity,5
income,2
information,186
insurance,4
integration,49
interest,6
internal,166
investment,7
investor,1
leader,33
legal,52
lending,5
liquidity,4
loan,138
loss,54
management,593
manager,56
managing,60
manual,25
market,46
network,67
officer,3
operating,21
operational,88
payment,84
personal,37
policy,37
portfolio,34
pricing,27
product,168
quality,160
rate,1
regulatory,103
reporting,47
research,40
resource,12
revenue,16
sale,1
security,129
senior,100
service,110
settlement,7
social,18
structure,5
system,173
tax,1
technology,251
trading,1
transaction,42
