textrankSun,count
acquisition,22
advisory,22
agent,15
agreement,4
analytical,146
analytics,67
authorization,2
bond,1
broker,4
business,2245
collaborative,14
consultant,21
consultation,72
contract,12
developer,24
developing,253
director,4
electronic,4
equity,17
executing,84
executive,47
financial,1593
funding,3
health,95
income,80
information,981
insurance,271
interaction,119
investment,277
legacy,5
lending,425
liquidity,6
managing,138
marketing,72
money,16
monitoring,89
mutual,6
natural,1
operation,34
operational,477
order,69
pattern,2
payment,252
power,9
pricing,8
production,105
protecting,1
protection,35
researching,6
sales,1528
security,250
segmentation,2
servicing,181
sourcing,7
statement,23
successful,36
tax,48
trading,20
transaction,230
validation,19
validity,1
