WORDS,COUNT
advice,52
agency,82
agent,15
analytics,67
asset,34
authentication,13
automation,14
blockchain,2
bond,1
broker,4
business,2245
cash,302
chief,9
collaborative,14
collateral,34
contract,12
corporate,96
credit,629
crisis,3
cyber,108
data,359
development,471
digital,59
director,4
electronic,4
equity,17
executive,47
expertise,159
finance,229
financial,1593
financing,61
framework,42
fraud,105
funding,3
identity,688
income,80
information,981
insurance,271
integration,67
interest,16
internal,465
investment,277
investor,85
jurisdiction,1
leader,25
legal,87
lending,425
liquidity,6
loan,1302
loss,179
management,1341
manager,237
managing,138
market,157
mechanism,1
network,84
officer,21
operating,76
operational,477
payment,252
personal,220
policy,73
portfolio,275
pricing,8
product,539
quality,176
rate,3
regulatory,369
reporting,148
research,107
resource,50
revenue,64
sale,17
security,250
senior,144
service,1848
settlement,4
social,3
statement,23
structure,16
system,262
tax,48
technology,199
trade,10
trading,20
transaction,460
