Words,Count
action,48
advisory,21
agreement,4
analytics,67
asset,33
authentication,13
automation,14
big,12
bond,1
broker,4
building,29
business,2239
chief,9
collateral,34
collection,35
corporate,96
coverage,22
credit,629
delivery,98
development,469
director,4
economic,6
economy,8
equity,17
event,20
executive,46
expert,55
finance,228
financial,1592
framework,42
fraud,105
funding,3
health,94
improving,16
information,979
insurance,267
interaction,119
interest,16
internal,462
international,8
investment,273
investor,85
leader,25
legal,87
leveraging,16
liquidity,6
loan,650
loss,179
management,1339
manager,237
managing,137
market,156
network,84
news,2
office,172
officer,42
operation,34
operational,477
order,69
payment,252
personal,220
policy,72
portfolio,275
position,719
primary,126
problem,227
processing,192
product,539
professional,349
protection,35
rate,3
regulatory,368
reporting,148
resource,50
response,41
revenue,62
sale,17
secondary,4
security,250
servicing,181
settlement,4
share,25
sharing,1
social,3
state,39
statement,23
system,262
tax,48
technology,199
trading,20
transaction,230
trend,4